{"stat.useItem.minecraft.bow":37,"stat.useItem.minecraft.quartz_block":800,"stat.pickup.minecraft.redstone_torch":4,"stat.pickup.minecraft.sign":1,"stat.useItem.minecraft.repeater":27,"stat.leaveGame":15,"stat.killEntity.Slime":1,"stat.mineBlock.minecraft.concrete":292,"stat.jump":1938,"stat.swimOneCm":3892,"stat.useItem.minecraft.concrete_powder":108,"stat.useItem.minecraft.planks":1,"stat.fallOneCm":2135,"stat.pickup.minecraft.porkchop":4,"stat.crouchOneCm":75954,"stat.useItem.minecraft.dirt":407,"stat.useItem.minecraft.stone_button":32,"stat.useItem.minecraft.stone_slab2":23025,"stat.mineBlock.minecraft.concrete_powder":26,"stat.useItem.minecraft.water_bucket":55,"stat.pickup.minecraft.repeater":6,"stat.pickup.minecraft.leather":2,"stat.damageTaken":60,"stat.pickup.minecraft.bucket":4,"stat.dispenserInspected":5,"stat.pickup.minecraft.planks":64,"stat.flyOneCm":5254214,"stat.pickup.minecraft.concrete":249,"stat.pickup.minecraft.quartz_block":48,"stat.killEntity.Villager":6,"stat.damageDealt":120,"stat.pickup.minecraft.redstone":13,"stat.useItem.minecraft.wool":300,"stat.timeSinceDeath":930491,"stat.killEntity.Cow":6,"stat.mineBlock.minecraft.dirt":3,"stat.killEntity.Pig":3,"stat.walkOneCm":684928,"stat.useItem.minecraft.lever":1,"stat.useItem.minecraft.cobblestone":24,"stat.talkedToVillager":1,"stat.pickup.minecraft.beef":2,"stat.useItem.minecraft.redstone":88,"stat.useItem.minecraft.item_frame":1,"stat.sprintOneCm":159215,"stat.drop.minecraft.leather":2,"stat.useItem.minecraft.redstone_ore":3,"stat.pickup.minecraft.ladder":10,"stat.useItem.minecraft.concrete":1666,"stat.useItem.minecraft.stone_pressure_plate":2,"stat.useItem.minecraft.diamond_pickaxe":399,"stat.mineBlock.minecraft.quartz_block":78,"stat.pickup.minecraft.concrete_powder":26,"stat.mobKills":16,"stat.pickup.minecraft.lever":6,"stat.drop":4,"stat.playOneMinute":930491,"stat.pickup.minecraft.stone_button":9,"stat.pickup.minecraft.torch":1,"stat.useItem.minecraft.ladder":10,"stat.sneakTime":46196,"stat.pickup.minecraft.wool":64,"stat.drop.minecraft.beef":2,"stat.drop.minecraft.bucket":2,"stat.pickup.minecraft.item_frame":2,"stat.diveOneCm":4052}